pc, r0, r1, r1, r3, r4, r5, r6, r7, r8, r9, r10, r11, r12, r13, r14, r15,16, 17, 18, 19, 20, 21, 22, 23, 24, 25, 26, 27, 28, 29, 30, 31,mstatus, mip, mie, mtvec, mepc, mcause, mtval, mscratch, medeleg, midleg, mtimecmp, mtime,sstatus, sip, sie, stvec, sepc, scause, stval, sscratch, sedeleg, sidleg, stimecmp,ustatus, uip, uie, utvec, uepc, ucause, utval, uscratch, utimecmp
40000000,00000000,00000000,00000000,00000000,00000000,00000000,00000000,00000000,00000000,00000000,00000000,00000000,00000000,00000000,00000000,00000000,00000000,00000000,00000000,00000000,00000000,00000000,00000000,00000000,00000000,00000000,00000000,00000000,00000000,00000000,00000000,00000000,00X01800, 000000a0, 00000000, 00000000, 00000000, 00000000, 00000000, 00000000, 00000000, 00000000, 0000000000000000, 0000000000000003,00000000, 00000020, 00000000, 00000000, 00000000, 00000000, xxxxxxxx, 00000000, 00000000, 00000000, 0000000000000000,00000000, 00000010, 00000000, 00000000, 00000000, 00000000, 00000000, 00000000, 0000000000000000,
40000004,00000000,00000000,00000000,00000000,00000000,00000000,00000000,00000000,00000000,00000000,00000000,00000000,00000000,00000000,00000000,00000000,00000000,00000000,00000000,00000000,00000000,00000000,00000000,00000000,00000000,00000000,00000000,00000000,00000000,00000000,00000000,00000000,00X01800, 000000a0, 00000000, 00000000, 00000000, 00000000, 00000000, 00000000, 00000000, 00000000, 0000000000000000, 0000000000000008,00000000, 00000020, 00000000, 00000000, 00000000, 00000000, xxxxxxxx, 00000000, 00000000, 00000000, 0000000000000000,00000000, 00000010, 00000000, 00000000, 00000000, 00000000, 00000000, 00000000, 0000000000000000,
40000008,00000000,00000000,00000000,00000000,00000000,00000000,00000000,00000000,00000000,00000000,00000000,00000000,00000000,00000000,00000000,00000000,00000000,00000000,00000000,00000000,00000000,00000000,00000000,00000000,00000000,00000000,00000000,00000000,00000000,00000000,00000000,00000000,00X01800, 000000a0, 00000000, 00000000, 00000000, 00000000, 00000000, 00000000, 00000000, 00000000, 0000000000000000, 000000000000000b,00000000, 00000020, 00000000, 00000000, 00000000, 00000000, xxxxxxxx, 00000000, 00000000, 00000000, 0000000000000000,00000000, 00000010, 00000000, 00000000, 00000000, 00000000, 00000000, 00000000, 0000000000000000,
4000000c,00000000,00000000,00000000,00000000,00000000,00000000,00000000,00000000,00000000,00000000,00000000,00000000,00000000,00000000,00000000,00000000,00000000,00000000,00000000,00000000,00000000,00000000,00000000,00000000,00000000,00000000,00000000,00000000,00000000,00000000,00000000,00000000,00X01800, 000000a0, 00000000, 00000000, 00000000, 00000000, 00000000, 00000000, 00000000, 00000000, 0000000000000000, 000000000000000e,00000000, 00000020, 00000000, 00000000, 00000000, 00000000, xxxxxxxx, 00000000, 00000000, 00000000, 0000000000000000,00000000, 00000010, 00000000, 00000000, 00000000, 00000000, 00000000, 00000000, 0000000000000000,
40000010,00000000,00000000,00000000,00000000,00000000,00000000,00000000,00000000,00000000,00000000,00000000,00000000,00000000,00000000,00000000,00000000,00000000,00000000,00000000,00000000,00000000,00000000,00000000,00000000,00000000,00000000,00000000,00000000,00000000,00000000,00000000,00000000,00X01800, 000000a0, 00000000, 00000000, 00000000, 00000000, 00000000, 00000000, 00000000, 00000000, 0000000000000000, 0000000000000011,00000000, 00000020, 00000000, 00000000, 00000000, 00000000, xxxxxxxx, 00000000, 00000000, 00000000, 0000000000000000,00000000, 00000010, 00000000, 00000000, 00000000, 00000000, 00000000, 00000000, 0000000000000000,
40000014,00000000,00000000,00000000,00000000,00000000,00000000,00000000,00000000,00000000,00000000,00000000,00000000,00000000,00000000,00000000,00000000,00000000,00000000,00000000,00000000,00000000,00000000,00000000,00000000,00000000,00000000,00000000,00000000,00000000,00000000,00000000,00000000,00X01800, 000000a0, 00000000, 00000000, 00000000, 00000000, 00000000, 00000000, 00000000, 00000000, 0000000000000000, 0000000000000014,00000000, 00000020, 00000000, 00000000, 00000000, 00000000, xxxxxxxx, 00000000, 00000000, 00000000, 0000000000000000,00000000, 00000010, 00000000, 00000000, 00000000, 00000000, 00000000, 00000000, 0000000000000000,
40000018,00000000,00000000,00000000,00000000,00000000,00000000,00000000,00000000,00000000,00000000,00000000,00000000,00000000,00000000,00000000,00000000,00000000,00000000,00000000,00000000,00000000,00000000,00000000,00000000,00000000,00000000,00000000,00000000,00000000,00000000,00000000,00000000,00X01800, 000000a0, 00000000, 00000000, 00000000, 00000000, 00000000, 00000000, 00000000, 00000000, 0000000000000000, 0000000000000017,00000000, 00000020, 00000000, 00000000, 00000000, 00000000, xxxxxxxx, 00000000, 00000000, 00000000, 0000000000000000,00000000, 00000010, 00000000, 00000000, 00000000, 00000000, 00000000, 00000000, 0000000000000000,
4000001c,00000000,00000000,00000000,00000000,00000000,00000000,00000000,00000000,00000000,00000000,00000000,00000000,00000000,00000000,00000000,00000000,00000000,00000000,00000000,00000000,00000000,00000000,00000000,00000000,00000000,00000000,00000000,00000000,00000000,00000000,00000000,00000000,00X01800, 000000a0, 00000000, 00000000, 00000000, 00000000, 00000000, 00000000, 00000000, 00000000, 0000000000000000, 000000000000001a,00000000, 00000020, 00000000, 00000000, 00000000, 00000000, xxxxxxxx, 00000000, 00000000, 00000000, 0000000000000000,00000000, 00000010, 00000000, 00000000, 00000000, 00000000, 00000000, 00000000, 0000000000000000,
40000020,00000000,00000000,00000000,00000000,00000000,00000000,00000000,00000000,00000000,00000000,00000000,00000000,00000000,00000000,00000000,00000000,00000000,00000000,00000000,00000000,00000000,00000000,00000000,00000000,00000000,00000000,00000000,00000000,00000000,00000000,00000000,00000000,00X01800, 000000a0, 00000000, 00000000, 00000000, 00000000, 00000000, 00000000, 00000000, 00000000, 0000000000000000, 000000000000001d,00000000, 00000020, 00000000, 00000000, 00000000, 00000000, xxxxxxxx, 00000000, 00000000, 00000000, 0000000000000000,00000000, 00000010, 00000000, 00000000, 00000000, 00000000, 00000000, 00000000, 0000000000000000,
40000024,00000000,00000000,00000000,00000000,00000000,00000000,00000000,00000000,00000000,00000000,00000000,00000000,00000000,00000000,00000000,00000000,00000000,00000000,00000000,00000000,00000000,00000000,00000000,00000000,00000000,00000000,00000000,00000000,00000000,00000000,00000000,00000000,00X01800, 000000a0, 00000000, 00000000, 00000000, 00000000, 00000000, 00000000, 00000000, 00000000, 0000000000000000, 0000000000000020,00000000, 00000020, 00000000, 00000000, 00000000, 00000000, xxxxxxxx, 00000000, 00000000, 00000000, 0000000000000000,00000000, 00000010, 00000000, 00000000, 00000000, 00000000, 00000000, 00000000, 0000000000000000,
40000028,00000000,00000000,00000000,00000000,00000000,00000000,00000000,00000000,00000000,00000000,00000000,00000000,00000000,00000000,00000000,00000000,00000000,00000000,00000000,00000000,00000000,00000000,00000000,00000000,00000000,00000000,00000000,00000000,00000000,00000000,00000000,00000000,00X01800, 000000a0, 00000000, 00000000, 00000000, 00000000, 00000000, 00000000, 00000000, 00000000, 0000000000000000, 0000000000000023,00000000, 00000020, 00000000, 00000000, 00000000, 00000000, xxxxxxxx, 00000000, 00000000, 00000000, 0000000000000000,00000000, 00000010, 00000000, 00000000, 00000000, 00000000, 00000000, 00000000, 0000000000000000,
4000002c,00000000,00000000,00000000,00000000,00000000,00000000,00000000,00000000,00000000,00000000,00000000,00000000,00000000,00000000,00000000,00000000,00000000,00000000,00000000,00000000,00000000,00000000,00000000,00000000,00000000,00000000,00000000,00000000,00000000,00000000,00000000,00000000,00X01800, 000000a0, 00000000, 00000000, 00000000, 00000000, 00000000, 00000000, 00000000, 00000000, 0000000000000000, 0000000000000026,00000000, 00000020, 00000000, 00000000, 00000000, 00000000, xxxxxxxx, 00000000, 00000000, 00000000, 0000000000000000,00000000, 00000010, 00000000, 00000000, 00000000, 00000000, 00000000, 00000000, 0000000000000000,
40000030,00000000,00000000,00000000,00000000,00000000,00000000,00000000,00000000,00000000,00000000,00000000,00000000,00000000,00000000,00000000,00000000,00000000,00000000,00000000,00000000,00000000,00000000,00000000,00000000,00000000,00000000,00000000,00000000,00000000,00000000,00000000,00000000,00X01800, 000000a0, 00000000, 00000000, 00000000, 00000000, 00000000, 00000000, 00000000, 00000000, 0000000000000000, 0000000000000029,00000000, 00000020, 00000000, 00000000, 00000000, 00000000, xxxxxxxx, 00000000, 00000000, 00000000, 0000000000000000,00000000, 00000010, 00000000, 00000000, 00000000, 00000000, 00000000, 00000000, 0000000000000000,
40000034,00000000,00000000,00000000,00000000,00000000,00000000,00000000,00000000,00000000,00000000,00000000,00000000,00000000,00000000,00000000,00000000,00000000,00000000,00000000,00000000,00000000,00000000,00000000,00000000,00000000,00000000,00000000,00000000,00000000,00000000,00000000,00000000,00X01800, 000000a0, 00000000, 00000000, 00000000, 00000000, 00000000, 00000000, 00000000, 00000000, 0000000000000000, 000000000000002c,00000000, 00000020, 00000000, 00000000, 00000000, 00000000, xxxxxxxx, 00000000, 00000000, 00000000, 0000000000000000,00000000, 00000010, 00000000, 00000000, 00000000, 00000000, 00000000, 00000000, 0000000000000000,
40000038,00000000,00000000,00000000,00000000,00000000,00000000,00000000,00000000,00000000,00000000,00000000,00000000,00000000,00000000,00000000,00000000,00000000,00000000,00000000,00000000,00000000,00000000,00000000,00000000,00000000,00000000,00000000,00000000,00000000,00000000,00000000,00000000,00X01800, 000000a0, 00000000, 00000000, 00000000, 00000000, 00000000, 00000000, 00000000, 00000000, 0000000000000000, 000000000000002f,00000000, 00000020, 00000000, 00000000, 00000000, 00000000, xxxxxxxx, 00000000, 00000000, 00000000, 0000000000000000,00000000, 00000010, 00000000, 00000000, 00000000, 00000000, 00000000, 00000000, 0000000000000000,
4000003c,00000000,00000000,00000000,00000000,00000000,00000000,00000000,00000000,00000000,00000000,00000000,00000000,00000000,00000000,00000000,00000000,00000000,00000000,00000000,00000000,00000000,00000000,00000000,00000000,00000000,00000000,00000000,00000000,00000000,00000000,00000000,00000000,00X01800, 000000a0, 00000000, 00000000, 00000000, 00000000, 00000000, 00000000, 00000000, 00000000, 0000000000000000, 0000000000000032,00000000, 00000020, 00000000, 00000000, 00000000, 00000000, xxxxxxxx, 00000000, 00000000, 00000000, 0000000000000000,00000000, 00000010, 00000000, 00000000, 00000000, 00000000, 00000000, 00000000, 0000000000000000,
40000040,00000000,00000000,00000000,00000000,00000000,00000000,00000000,00000000,00000000,00000000,00000000,00000000,00000000,00000000,00000000,00000000,00000000,00000000,00000000,00000000,00000000,00000000,00000000,00000000,00000000,00000000,00000000,00000000,00000000,00000000,00000000,00000000,00X01800, 000000a0, 00000000, 00000000, 00000000, 00000000, 00000000, 00000000, 00000000, 00000000, 0000000000000000, 0000000000000035,00000000, 00000020, 00000000, 00000000, 00000000, 00000000, xxxxxxxx, 00000000, 00000000, 00000000, 0000000000000000,00000000, 00000010, 00000000, 00000000, 00000000, 00000000, 00000000, 00000000, 0000000000000000,
40000044,00000000,00000000,00000000,00000000,00000000,00000000,00000000,00000000,00000000,00000000,00000000,00000000,00000000,00000000,00000000,00000000,00000000,00000000,00000000,00000000,00000000,00000000,00000000,00000000,00000000,00000000,00000000,00000000,00000000,00000000,00000000,00000000,00X01800, 000000a0, 00000000, 00000000, 00000000, 00000000, 00000000, 00000000, 00000000, 00000000, 0000000000000000, 0000000000000038,00000000, 00000020, 00000000, 00000000, 00000000, 00000000, xxxxxxxx, 00000000, 00000000, 00000000, 0000000000000000,00000000, 00000010, 00000000, 00000000, 00000000, 00000000, 00000000, 00000000, 0000000000000000,
40000048,00000000,00000000,00000000,00000000,00000000,00000000,00000000,00000000,00000000,00000000,00000000,00000000,00000000,00000000,00000000,00000000,00000000,00000000,00000000,00000000,00000000,00000000,00000000,00000000,00000000,00000000,00000000,00000000,00000000,00000000,00000000,00000000,00X01800, 000000a0, 00000000, 00000000, 00000000, 00000000, 00000000, 00000000, 00000000, 00000000, 0000000000000000, 000000000000003b,00000000, 00000020, 00000000, 00000000, 00000000, 00000000, xxxxxxxx, 00000000, 00000000, 00000000, 0000000000000000,00000000, 00000010, 00000000, 00000000, 00000000, 00000000, 00000000, 00000000, 0000000000000000,
4000004c,00000000,00000000,00000000,00000000,00000000,00000000,00000000,00000000,00000000,00000000,00000000,00000000,00000000,00000000,00000000,00000000,00000000,00000000,00000000,00000000,00000000,00000000,00000000,00000000,00000000,00000000,00000000,00000000,00000000,00000000,00000000,00000000,00X01800, 000000a0, 00000000, 00000000, 00000000, 00000000, 00000000, 00000000, 00000000, 00000000, 0000000000000000, 000000000000003e,00000000, 00000020, 00000000, 00000000, 00000000, 00000000, xxxxxxxx, 00000000, 00000000, 00000000, 0000000000000000,00000000, 00000010, 00000000, 00000000, 00000000, 00000000, 00000000, 00000000, 0000000000000000,
40000050,00000000,00000000,00000000,00000000,00000000,00000000,00000000,00000000,00000000,00000000,00000000,00000000,00000000,00000000,00000000,00000000,00000000,00000000,00000000,00000000,00000000,00000000,00000000,00000000,00000000,00000000,00000000,00000000,00000000,00000000,00000000,00000000,00X01800, 000000a0, 00000000, 00000000, 00000000, 00000000, 00000000, 00000000, 00000000, 00000000, 0000000000000000, 0000000000000041,00000000, 00000020, 00000000, 00000000, 00000000, 00000000, xxxxxxxx, 00000000, 00000000, 00000000, 0000000000000000,00000000, 00000010, 00000000, 00000000, 00000000, 00000000, 00000000, 00000000, 0000000000000000,
40000054,00000000,00000000,00000000,00000000,00000000,00000000,00000000,00000000,00000000,00000000,00000000,00000000,00000000,00000000,00000000,00000000,00000000,00000000,00000000,00000000,00000000,00000000,00000000,00000000,00000000,00000000,00000000,00000000,00000000,00000000,00000000,00000000,00X01800, 000000a0, 00000000, 00000000, 00000000, 00000000, 00000000, 00000000, 00000000, 00000000, 0000000000000000, 0000000000000044,00000000, 00000020, 00000000, 00000000, 00000000, 00000000, xxxxxxxx, 00000000, 00000000, 00000000, 0000000000000000,00000000, 00000010, 00000000, 00000000, 00000000, 00000000, 00000000, 00000000, 0000000000000000,
40000058,00000000,00000000,00000000,00000000,00000000,00000000,00000000,00000000,00000000,00000000,00000000,00000000,00000000,00000000,00000000,00000000,00000000,00000000,00000000,00000000,00000000,00000000,00000000,00000000,00000000,00000000,00000000,00000000,00000000,00000000,00000000,00000000,00X01800, 000000a0, 00000000, 00000000, 00000000, 00000000, 00000000, 00000000, 00000000, 00000000, 0000000000000000, 0000000000000047,00000000, 00000020, 00000000, 00000000, 00000000, 00000000, xxxxxxxx, 00000000, 00000000, 00000000, 0000000000000000,00000000, 00000010, 00000000, 00000000, 00000000, 00000000, 00000000, 00000000, 0000000000000000,
4000005c,00000000,00000000,00000000,00000000,00000000,00000000,00000000,00000000,00000000,00000000,00000000,00000000,00000000,00000000,00000000,00000000,00000000,00000000,00000000,00000000,00000000,00000000,00000000,00000000,00000000,00000000,00000000,00000000,00000000,00000000,00000000,00000000,00X01800, 000000a0, 00000000, 00000000, 00000000, 00000000, 00000000, 00000000, 00000000, 00000000, 0000000000000000, 000000000000004a,00000000, 00000020, 00000000, 00000000, 00000000, 00000000, xxxxxxxx, 00000000, 00000000, 00000000, 0000000000000000,00000000, 00000010, 00000000, 00000000, 00000000, 00000000, 00000000, 00000000, 0000000000000000,
40000060,00000000,00000000,00000000,00000000,00000000,00000000,00000000,00000000,00000000,00000000,00000000,00000000,00000000,00000000,00000000,00000000,00000000,00000000,00000000,00000000,00000000,00000000,00000000,00000000,00000000,00000000,00000000,00000000,00000000,00000000,00000000,00000000,00X01800, 000000a0, 00000000, 00000000, 00000000, 00000000, 00000000, 00000000, 00000000, 00000000, 0000000000000000, 000000000000004d,00000000, 00000020, 00000000, 00000000, 00000000, 00000000, xxxxxxxx, 00000000, 00000000, 00000000, 0000000000000000,00000000, 00000010, 00000000, 00000000, 00000000, 00000000, 00000000, 00000000, 0000000000000000,
40000064,00000000,00000000,00000000,00000000,00000000,00000000,00000000,00000000,00000000,00000000,00000000,00000000,00000000,00000000,00000000,00000000,00000000,00000000,00000000,00000000,00000000,00000000,00000000,00000000,00000000,00000000,00000000,00000000,00000000,00000000,00000000,00000000,00X01800, 000000a0, 00000000, 00000000, 00000000, 00000000, 00000000, 00000000, 00000000, 00000000, 0000000000000000, 0000000000000050,00000000, 00000020, 00000000, 00000000, 00000000, 00000000, xxxxxxxx, 00000000, 00000000, 00000000, 0000000000000000,00000000, 00000010, 00000000, 00000000, 00000000, 00000000, 00000000, 00000000, 0000000000000000,
40000068,00000000,00000000,00000000,00000000,00000000,00000000,00000000,00000000,00000000,00000000,00000000,00000000,00000000,00000000,00000000,00000000,00000000,00000000,00000000,00000000,00000000,00000000,00000000,00000000,00000000,00000000,00000000,00000000,00000000,00000000,00000000,00000000,00X01800, 000000a0, 00000000, 00000000, 00000000, 00000000, 00000000, 00000000, 00000000, 00000000, 0000000000000000, 0000000000000053,00000000, 00000020, 00000000, 00000000, 00000000, 00000000, xxxxxxxx, 00000000, 00000000, 00000000, 0000000000000000,00000000, 00000010, 00000000, 00000000, 00000000, 00000000, 00000000, 00000000, 0000000000000000,
4000006c,00000000,00000000,00000000,00000000,00000000,00000000,00000000,00000000,00000000,00000000,00000000,00000000,00000000,00000000,00000000,00000000,00000000,00000000,00000000,00000000,00000000,00000000,00000000,00000000,00000000,00000000,00000000,00000000,00000000,00000000,00000000,00000000,00X01800, 000000a0, 00000000, 00000000, 00000000, 00000000, 00000000, 00000000, 00000000, 00000000, 0000000000000000, 0000000000000056,00000000, 00000020, 00000000, 00000000, 00000000, 00000000, xxxxxxxx, 00000000, 00000000, 00000000, 0000000000000000,00000000, 00000010, 00000000, 00000000, 00000000, 00000000, 00000000, 00000000, 0000000000000000,
40000070,00000000,00000000,00000000,00000000,00000000,00000000,00000000,00000000,00000000,00000000,00000000,00000000,00000000,00000000,00000000,00000000,00000000,00000000,00000000,00000000,00000000,00000000,00000000,00000000,00000000,00000000,00000000,00000000,00000000,00000000,00000000,00000000,00X01800, 000000a0, 00000000, 00000000, 00000000, 00000000, 00000000, 00000000, 00000000, 00000000, 0000000000000000, 0000000000000059,00000000, 00000020, 00000000, 00000000, 00000000, 00000000, xxxxxxxx, 00000000, 00000000, 00000000, 0000000000000000,00000000, 00000010, 00000000, 00000000, 00000000, 00000000, 00000000, 00000000, 0000000000000000,
40000074,00000000,00000000,00000000,00000000,00000000,00000000,00000000,00000000,00000000,00000000,00000000,00000000,00000000,00000000,00000000,00000000,00000000,00000000,00000000,00000000,00000000,00000000,00000000,00000000,00000000,00000000,00000000,00000000,00000000,00000000,00000000,00000000,00X01800, 000000a0, 00000000, 00000000, 00000000, 00000000, 00000000, 00000000, 00000000, 00000000, 0000000000000000, 000000000000005c,00000000, 00000020, 00000000, 00000000, 00000000, 00000000, xxxxxxxx, 00000000, 00000000, 00000000, 0000000000000000,00000000, 00000010, 00000000, 00000000, 00000000, 00000000, 00000000, 00000000, 0000000000000000,
40000078,00000000,00000000,00000000,00000000,00000000,00000000,00000000,00000000,00000000,00000000,00000000,00000000,00000000,00000000,00000000,00000000,00000000,00000000,00000000,00000000,00000000,00000000,00000000,00000000,00000000,00000000,00000000,00000000,00000000,00000000,00000000,00000000,00X01800, 000000a0, 00000000, 00000000, 00000000, 00000000, 00000000, 00000000, 00000000, 00000000, 0000000000000000, 000000000000005f,00000000, 00000020, 00000000, 00000000, 00000000, 00000000, xxxxxxxx, 00000000, 00000000, 00000000, 0000000000000000,00000000, 00000010, 00000000, 00000000, 00000000, 00000000, 00000000, 00000000, 0000000000000000,
4000007c,00000000,00000000,00000000,00000000,00000000,00000000,00000000,00000000,00000000,00000000,00000000,00000000,00000000,00000000,00000000,00000000,00000000,00000000,00000000,00000000,00000000,00000000,00000000,00000000,00000000,00000000,00000000,00000000,00000000,00000000,00000000,00000000,00X01800, 000000a0, 00000000, 00000000, 00000000, 00000000, 00000000, 00000000, 00000000, 00000000, 0000000000000000, 0000000000000062,00000000, 00000020, 00000000, 00000000, 00000000, 00000000, xxxxxxxx, 00000000, 00000000, 00000000, 0000000000000000,00000000, 00000010, 00000000, 00000000, 00000000, 00000000, 00000000, 00000000, 0000000000000000,
40000080,00000000,00000000,00000000,00000000,00000000,00000000,00000000,00000000,00000000,00000000,00000000,00000000,00000000,00000000,00000000,00000000,00000000,00000000,00000000,00000000,00000000,40000000,00000000,00000000,00000000,00000000,00000000,00000000,00000000,00000000,00000000,00000000,00X01800, 000000a0, 00000000, 00000000, 00000000, 00000000, 00000000, 00000000, 00000000, 00000000, 0000000000000000, 0000000000000065,00000000, 00000020, 00000000, 00000000, 00000000, 00000000, xxxxxxxx, 00000000, 00000000, 00000000, 0000000000000000,00000000, 00000010, 00000000, 00000000, 00000000, 00000000, 00000000, 00000000, 0000000000000000,
40000084,00000000,00000000,00000000,00000000,00000000,00000000,00000000,00000000,00000000,00000000,00000000,00000000,00000000,00000000,00000000,00000000,00000000,00000000,00000000,00000000,00000000,4000009c,00000000,00000000,00000000,00000000,00000000,00000000,00000000,00000000,00000000,00000000,00X01800, 000000a0, 00000000, 00000000, 00000000, 00000000, 00000000, 00000000, 00000000, 00000000, 0000000000000000, 000000000000006e,00000000, 00000020, 00000000, 00000000, 00000000, 00000000, xxxxxxxx, 00000000, 00000000, 00000000, 0000000000000000,00000000, 00000010, 00000000, 00000000, 00000000, 00000000, 00000000, 00000000, 0000000000000000,
40000088,00000000,00000000,00000000,00000000,00000000,00000000,00000000,00000000,00000000,00000000,00000000,00000000,00000000,00000000,00000000,00000000,00000000,00000000,00000000,f0c2c000,00000000,4000009c,00000000,00000000,00000000,00000000,00000000,00000000,00000000,00000000,00000000,00000000,00X01800, 000000a0, 00000000, 00000000, 00000000, 00000000, 00000000, 00000000, 00000000, 00000000, 0000000000000000, 0000000000000071,00000000, 00000020, 00000000, 00000000, 00000000, 00000000, xxxxxxxx, 00000000, 00000000, 00000000, 0000000000000000,00000000, 00000010, 00000000, 00000000, 00000000, 00000000, 00000000, 00000000, 0000000000000000,
4000008c,00000000,00000000,00000000,00000000,00000000,00000000,00000000,00000000,00000000,00000000,00000000,00000000,00000000,00000000,00000000,00000000,00000000,00000000,00000000,f0c2c000,00000024,4000009c,00000000,00000000,00000000,00000000,00000000,00000000,00000000,00000000,00000000,00000000,00X01800, 000000a0, 00000000, 00000000, 00000000, 00000000, 00000000, 00000000, 00000000, 00000000, 0000000000000000, 0000000000000078,00000000, 00000020, 00000000, 00000000, 00000000, 00000000, xxxxxxxx, 00000000, 00000000, 00000000, 0000000000000000,00000000, 00000010, 00000000, 00000000, 00000000, 00000000, 00000000, 00000000, 0000000000000000,
40000090,00000000,00000000,00000000,00000000,00000000,00000000,00000000,00000000,00000000,00000000,00000000,00000000,00000000,00000000,00000000,00000000,00000000,00000000,00000000,f0c2c000,00000024,4000009c,00000000,00000000,00000000,00000000,00000000,00000000,00000000,00000000,00000000,00000000,00X01800, 000000a0, 00000000, 00000000, 00000000, 00000000, 00000000, 00000000, 00000000, 00000000, 0000000000000000, 000000000000007d,00000000, 00000020, 00000000, 00000000, 00000000, 00000000, xxxxxxxx, 00000000, 00000000, 00000000, 0000000000000000,00000000, 00000010, 00000000, 00000000, 00000000, 00000000, 00000000, 00000000, 0000000000000000,
40000094,00000000,00000000,00000000,00000000,00000000,00000000,00000000,00000000,00000000,00000000,00000000,00000000,00000000,00000000,00000000,00000000,00000000,00000000,00000000,f0c2c000,00000024,4000009c,00000000,00000000,00000000,00000000,00000000,00000000,00000000,00000000,00000000,00000000,00X01800, 000000a0, 00000000, 00000000, 00000000, 00000000, 00000000, 00000000, 00000000, 00000000, 0000000000000000, 0000000000000083,00000000, 00000020, 00000000, 00000000, 00000000, 00000000, xxxxxxxx, 00000000, 00000000, 00000000, 0000000000000000,00000000, 00000010, 00000000, 00000000, 00000000, 00000000, 00000000, 00000000, 0000000000000000,
40000098,00000000,00000000,00000000,00000000,00000000,00000000,00000000,00000000,00000000,00000000,00000000,00000000,00000000,00000000,00000000,00000000,00000000,00000000,00000000,f0c2c000,00000024,4000009d,00000000,00000000,00000000,00000000,00000000,00000000,00000000,00000000,00000000,00000000,00X01800, 000000a0, 00000000, 00000000, 00000000, 00000000, 00000000, 00000000, 00000000, 00000000, 0000000000000000, 0000000000000087,00000000, 00000020, 00000000, 00000000, 00000000, 00000000, xxxxxxxx, 00000000, 00000000, 00000000, 0000000000000000,00000000, 00000010, 00000000, 00000000, 00000000, 00000000, 00000000, 00000000, 0000000000000000,
4000009c,00000000,00000000,00000000,00000000,00000000,00000000,00000000,00000000,00000000,00000000,00000000,00000000,00000000,00000000,00000000,00000000,00000000,00000000,00000000,f0c2c000,00000024,4000009d,00000000,00000000,00000000,00000000,00000000,00000000,00000000,00000000,00000000,00000000,00X01800, 000000a0, 00000000, 00000000, 00000000, 00000000, 00000000, 00000000, 00000000, 00000000, 0000000000000000, 000000000000008d,00000000, 00000020, 00000000, 00000000, 00000000, 00000000, xxxxxxxx, 00000000, 00000000, 00000000, 0000000000000000,00000000, 00000010, 00000000, 00000000, 00000000, 00000000, 00000000, 00000000, 0000000000000000,
40000088,00000000,00000000,00000000,00000000,00000000,00000000,00000000,00000000,00000000,00000000,00000000,00000000,00000000,00000000,00000000,00000000,00000000,00000000,00000000,f0c2c000,00000024,4000009d,00000000,00000000,00000000,00000000,00000000,00000000,00000000,00000000,00000000,00000000,00X01800, 000000a0, 00000000, 00000000, 00000000, 00000000, 00000000, 00000000, 00000000, 00000000, 0000000000000000, 000000000000008e,00000000, 00000020, 00000000, 00000000, 00000000, 00000000, xxxxxxxx, 00000000, 00000000, 00000000, 0000000000000000,00000000, 00000010, 00000000, 00000000, 00000000, 00000000, 00000000, 00000000, 0000000000000000,
4000008c,00000000,00000000,00000000,00000000,00000000,00000000,00000000,00000000,00000000,00000000,00000000,00000000,00000000,00000000,00000000,00000000,00000000,00000000,00000000,f0c2c000,00000000,4000009d,00000000,00000000,00000000,00000000,00000000,00000000,00000000,00000000,00000000,00000000,00X01800, 000000a0, 00000000, 00000000, 00000000, 00000000, 00000000, 00000000, 00000000, 00000000, 0000000000000000, 0000000000000095,00000000, 00000020, 00000000, 00000000, 00000000, 00000000, xxxxxxxx, 00000000, 00000000, 00000000, 0000000000000000,00000000, 00000010, 00000000, 00000000, 00000000, 00000000, 00000000, 00000000, 0000000000000000,
40000090,00000000,00000000,00000000,00000000,00000000,00000000,00000000,00000000,00000000,00000000,00000000,00000000,00000000,00000000,00000000,00000000,00000000,00000000,00000000,f0c2c000,00000000,4000009d,00000000,00000000,00000000,00000000,00000000,00000000,00000000,00000000,00000000,00000000,00X01800, 000000a0, 00000000, 00000000, 00000000, 00000000, 00000000, 00000000, 00000000, 00000000, 0000000000000000, 000000000000009f,00000000, 00000020, 00000000, 00000000, 00000000, 00000000, xxxxxxxx, 00000000, 00000000, 00000000, 0000000000000000,00000000, 00000010, 00000000, 00000000, 00000000, 00000000, 00000000, 00000000, 0000000000000000,
400000b4,00000000,00000000,00000000,00000000,00000000,00000000,00000000,00000000,00000000,00000000,00000000,00000000,00000000,00000000,00000000,00000000,00000000,00000000,00000000,f0c2c000,00000000,4000009d,00000000,00000000,00000000,00000000,00000000,00000000,00000000,00000000,00000000,00000000,00X01800, 000000a0, 00000000, 00000000, 00000000, 00000000, 00000000, 00000000, 00000000, 00000000, 0000000000000000, 00000000000000a0,00000000, 00000020, 00000000, 00000000, 00000000, 00000000, xxxxxxxx, 00000000, 00000000, 00000000, 0000000000000000,00000000, 00000010, 00000000, 00000000, 00000000, 00000000, 00000000, 00000000, 0000000000000000,
400000b8,00000000,00000000,00000000,00000000,00000000,00000000,00000000,00000000,00000000,00000000,00000000,00000000,00000000,00000000,00000000,00000000,00000000,00000000,00000000,f0c2c000,0000002e,4000009d,00000000,00000000,00000000,00000000,00000000,00000000,00000000,00000000,00000000,00000000,00X01800, 000000a0, 00000000, 00000000, 00000000, 00000000, 00000000, 00000000, 00000000, 00000000, 0000000000000000, 00000000000000a4,00000000, 00000020, 00000000, 00000000, 00000000, 00000000, xxxxxxxx, 00000000, 00000000, 00000000, 0000000000000000,00000000, 00000010, 00000000, 00000000, 00000000, 00000000, 00000000, 00000000, 0000000000000000,
400000bc,00000000,00000000,00000000,00000000,00000000,00000000,00000000,00000000,00000000,00000000,00000000,00000000,00000000,00000000,00000000,00000000,00000000,00000000,00000000,f0c2c000,0000002e,4000009d,00000000,00000000,00000000,00000000,00000000,00000000,00000000,00000000,00000000,00000000,00X01800, 000000a0, 00000000, 00000000, 00000000, 00000000, 00000000, 00000000, 00000000, 00000000, 0000000000000000, 00000000000000ab,00000000, 00000020, 00000000, 00000000, 00000000, 00000000, xxxxxxxx, 00000000, 00000000, 00000000, 0000000000000000,00000000, 00000010, 00000000, 00000000, 00000000, 00000000, 00000000, 00000000, 0000000000000000,
400000c0,00000000,00000000,00000000,00000000,00000000,00000000,00000000,00000000,00000000,00000000,00000000,00000000,00000000,00000000,00000000,00000000,00000000,00000000,00000000,f0c2c000,0000002e,4000009d,00000000,00000000,00000000,00000000,00000000,00000000,00000000,00000000,00000000,00000000,00X01800, 000000a0, 00000000, 00000000, 00000000, 00000000, 00000000, 00000000, 00000000, 00000000, 0000000000000000, 00000000000000b3,00000000, 00000020, 00000000, 00000000, 00000000, 00000000, xxxxxxxx, 00000000, 00000000, 00000000, 0000000000000000,00000000, 00000010, 00000000, 00000000, 00000000, 00000000, 00000000, 00000000, 0000000000000000,
400000c4,00000000,00000000,00000000,00000000,00000000,00000000,00000000,00000000,00000000,00000000,00000000,00000000,00000000,00000000,00000000,00000000,00000000,00000000,00000000,f0c2c000,0000002e,4000009d,00000000,00000000,00000000,00000000,00000000,00000000,00000000,00000000,00000000,00000000,00X01800, 000000a0, 00000000, 00000000, 00000000, 00000000, 00000000, 00000000, 00000000, 00000000, 0000000000000000, 00000000000000b7,00000000, 00000020, 00000000, 00000000, 00000000, 00000000, xxxxxxxx, 00000000, 00000000, 00000000, 0000000000000000,00000000, 00000010, 00000000, 00000000, 00000000, 00000000, 00000000, 00000000, 0000000000000000,
400000c8,00000000,00000000,00000000,00000000,00000000,00000000,00000000,00000000,00000000,00000000,00000000,00000000,00000000,00000000,00000000,00000000,00000000,00000000,00000000,f0c2c000,0000002e,4000009d,00000000,00000000,00000000,00000000,00000000,00000000,00000000,00000000,00000000,00000000,00X01800, 000000a0, 00000000, 00000000, 00000000, 00000000, 00000000, 00000000, 00000000, 00000000, 0000000000000000, 00000000000000bb,00000000, 00000020, 00000000, 00000000, 00000000, 00000000, xxxxxxxx, 00000000, 00000000, 00000000, 0000000000000000,00000000, 00000010, 00000000, 00000000, 00000000, 00000000, 00000000, 00000000, 0000000000000000,
400000cc,00000000,00000000,00000000,00000000,00000000,00000000,00000000,00000000,00000000,00000000,00000000,00000000,00000000,00000000,00000000,00000000,00000000,00000000,00000000,f0c2c000,0000002e,4000009d,00000000,00000000,00000000,00000000,00000000,00000000,00000000,00000000,00000000,00000000,00X01800, 000000a0, 00000000, 00000000, 00000000, 00000000, 00000000, 00000000, 00000000, 00000000, 0000000000000000, 00000000000000c4,00000000, 00000020, 00000000, 00000000, 00000000, 00000000, xxxxxxxx, 00000000, 00000000, 00000000, 0000000000000000,00000000, 00000010, 00000000, 00000000, 00000000, 00000000, 00000000, 00000000, 0000000000000000,
400000d0,00000000,00000000,00000000,00000000,00000000,00000000,00000000,00000000,00000000,00000000,00000000,00000000,00000000,00000000,00000000,00000000,00000000,00000000,00000000,f0c2c000,0000002e,4000009d,00000000,00000000,00000000,00000000,00000000,00000000,00000000,00000000,00000000,00000000,00X01800, 000000a0, 00000000, 00000000, 00000000, 00000000, 00000000, 00000000, 00000000, 00000000, 0000000000000000, 00000000000000c7,00000000, 00000020, 00000000, 00000000, 00000000, 00000000, xxxxxxxx, 00000000, 00000000, 00000000, 0000000000000000,00000000, 00000010, 00000000, 00000000, 00000000, 00000000, 00000000, 00000000, 0000000000000000,
400000d4,00000000,00000000,00000000,00000002,00000000,00000000,00000000,00000000,00000000,00000000,00000000,00000000,00000000,00000000,00000000,00000000,00000000,00000000,00000000,f0c2c000,0000002e,4000009d,00000000,00000000,00000000,00000000,00000000,00000000,00000000,00000000,00000000,00000000,00X01800, 000000a0, 00000000, 00000000, 00000000, 00000000, 00000000, 00000000, 00000000, 00000000, 0000000000000000, 00000000000000ca,00000000, 00000020, 00000000, 00000000, 00000000, 00000000, xxxxxxxx, 00000000, 00000000, 00000000, 0000000000000000,00000000, 00000010, 00000000, 00000000, 00000000, 00000000, 00000000, 00000000, 0000000000000000,
400000d8,00000000,00000000,00000000,00000002,00000000,00000000,00000000,00000000,00000000,00000000,00000000,00000000,00000000,00000000,00000000,00000000,00000000,00000000,00000000,f0c2c000,0000002e,4000009d,00000000,00000000,00000000,00000000,00000000,00000000,00000000,00000000,00000000,00000000,00X01800, 000000a0, 00000000, 00000000, 00000000, 00000000, 00000000, 00000000, 00000000, 00000000, 0000000000000000, 00000000000000cd,00000000, 00000020, 00000000, 00000000, 00000000, 00000000, xxxxxxxx, 00000000, 00000000, 00000000, 0000000000000000,00000000, 00000010, 00000000, 00000000, 00000000, 00000000, 00000000, 00000000, 0000000000000000,
400000dc,00000000,00000000,00000000,00000002,00000000,00000000,00000000,00000000,00000000,00000000,00000000,00000000,00000000,00000000,00000000,00000000,00000000,00000000,00000000,f0c2c000,0000002e,4000009d,00000000,00000000,00000000,00000000,00000000,00000000,00000000,00000000,00000001,00000000,00X01800, 000000a0, 00000000, 00000000, 00000000, 00000000, 00000000, 00000000, 00000000, 00000000, 0000000000000000, 00000000000000d0,00000000, 00000020, 00000000, 00000000, 00000000, 00000000, xxxxxxxx, 00000000, 00000000, 00000000, 0000000000000000,00000000, 00000010, 00000000, 00000000, 00000000, 00000000, 00000000, 00000000, 0000000000000000,
400000e0,00000000,00000000,00000000,00000002,00000000,00000000,00000000,00000000,00000000,00000000,00000000,00000000,00000000,00000000,00000000,00000000,00000000,00000000,00000000,f0c2c000,0000002e,4000009d,00000000,00000000,00000000,00000000,00000000,00000000,00000000,00000001,00000001,00000000,00X01800, 000000a0, 00000000, 00000000, 00000000, 00000000, 00000000, 00000000, 00000000, 00000000, 0000000000000000, 00000000000000d3,00000000, 00000020, 00000000, 00000000, 00000000, 00000000, xxxxxxxx, 00000000, 00000000, 00000000, 0000000000000000,00000000, 00000010, 00000000, 00000000, 00000000, 00000000, 00000000, 00000000, 0000000000000000,
400000e4,00000000,00000000,00000000,00000002,00000000,00000000,00000000,00000000,00000000,00000000,00000000,00000000,00000000,00000000,00000000,00000000,00000000,00000000,00000000,f0c2c000,0000002e,4000009d,00000000,00000000,00000000,00000000,00000000,00000000,00000002,00000001,00000001,00000000,00X01800, 000000a0, 00000000, 00000000, 00000000, 00000000, 00000000, 00000000, 00000000, 00000000, 0000000000000000, 00000000000000dc,00000000, 00000020, 00000000, 00000000, 00000000, 00000000, xxxxxxxx, 00000000, 00000000, 00000000, 0000000000000000,00000000, 00000010, 00000000, 00000000, 00000000, 00000000, 00000000, 00000000, 0000000000000000,
400000e8,00000000,00000000,00000002,00000002,00000000,00000000,00000000,00000000,00000000,00000000,00000000,00000000,00000000,00000000,00000000,00000000,00000000,00000000,00000000,f0c2c000,0000002e,4000009d,00000000,00000000,00000000,00000000,00000000,00000000,00000002,00000001,00000001,00000000,00X01800, 000000a0, 00000000, 00000000, 00000000, 00000000, 00000000, 00000000, 00000000, 00000000, 0000000000000000, 00000000000000df,00000000, 00000020, 00000000, 00000000, 00000000, 00000000, xxxxxxxx, 00000000, 00000000, 00000000, 0000000000000000,00000000, 00000010, 00000000, 00000000, 00000000, 00000000, 00000000, 00000000, 0000000000000000,
400000ec,00000000,00000000,00000002,00000003,00000000,00000000,00000000,00000000,00000000,00000000,00000000,00000000,00000000,00000000,00000000,00000000,00000000,00000000,00000000,f0c2c000,0000002e,4000009d,00000000,00000000,00000000,00000000,00000000,00000000,00000002,00000001,00000001,00000000,00X01800, 000000a0, 00000000, 00000000, 00000000, 00000000, 00000000, 00000000, 00000000, 00000000, 0000000000000000, 00000000000000e2,00000000, 00000020, 00000000, 00000000, 00000000, 00000000, xxxxxxxx, 00000000, 00000000, 00000000, 0000000000000000,00000000, 00000010, 00000000, 00000000, 00000000, 00000000, 00000000, 00000000, 0000000000000000,
400000f0,00000000,00000000,00000002,00000003,00000000,00000000,00000000,00000000,00000000,00000000,00000000,00000000,00000000,00000000,00000000,00000000,00000000,00000000,00000000,f0c2c000,0000002e,4000009d,00000000,00000000,00000000,00000000,00000000,00000000,00000002,00000001,00000001,00000000,00X01800, 000000a0, 00000000, 00000000, 00000000, 00000000, 00000000, 00000000, 00000000, 00000000, 0000000000000000, 00000000000000e5,00000000, 00000020, 00000000, 00000000, 00000000, 00000000, xxxxxxxx, 00000000, 00000000, 00000000, 0000000000000000,00000000, 00000010, 00000000, 00000000, 00000000, 00000000, 00000000, 00000000, 0000000000000000,
400000f4,00000000,00000000,00000002,00000003,00000000,00000000,00000000,00000000,00000000,00000000,00000000,00000000,00000000,00000000,00000000,00000000,00000000,00000000,00000000,f0c2c000,0000002e,4000009d,00000000,00000000,00000000,00000000,00000000,00000000,00000002,00000001,00000003,00000000,00X01800, 000000a0, 00000000, 00000000, 00000000, 00000000, 00000000, 00000000, 00000000, 00000000, 0000000000000000, 00000000000000e8,00000000, 00000020, 00000000, 00000000, 00000000, 00000000, xxxxxxxx, 00000000, 00000000, 00000000, 0000000000000000,00000000, 00000010, 00000000, 00000000, 00000000, 00000000, 00000000, 00000000, 0000000000000000,
400000f8,00000000,00000000,00000002,00000003,00000000,00000000,00000000,00000000,00000000,00000000,00000000,00000000,00000000,00000000,00000000,00000000,00000000,00000000,00000000,f0c2c000,0000002e,4000009d,00000000,00000000,00000000,00000000,00000000,00000000,00000002,00000007,00000003,00000000,00X01800, 000000a0, 00000000, 00000000, 00000000, 00000000, 00000000, 00000000, 00000000, 00000000, 0000000000000000, 00000000000000eb,00000000, 00000020, 00000000, 00000000, 00000000, 00000000, xxxxxxxx, 00000000, 00000000, 00000000, 0000000000000000,00000000, 00000010, 00000000, 00000000, 00000000, 00000000, 00000000, 00000000, 0000000000000000,
400000fc,00000000,00000000,00000002,00000003,00000000,00000000,00000000,00000000,00000000,00000000,00000000,00000000,00000000,00000000,00000000,00000000,00000000,00000000,00000000,f0c2c000,0000002e,4000009d,00000000,00000000,00000000,00000000,00000000,00000000,0000000a,00000007,00000003,00000000,00X01800, 000000a0, 00000000, 00000000, 00000000, 00000000, 00000000, 00000000, 00000000, 00000000, 0000000000000000, 00000000000000f4,00000000, 00000020, 00000000, 00000000, 00000000, 00000000, xxxxxxxx, 00000000, 00000000, 00000000, 0000000000000000,00000000, 00000010, 00000000, 00000000, 00000000, 00000000, 00000000, 00000000, 0000000000000000,
40000100,00000000,00000000,0000000a,00000003,00000000,00000000,00000000,00000000,00000000,00000000,00000000,00000000,00000000,00000000,00000000,00000000,00000000,00000000,00000000,f0c2c000,0000002e,4000009d,00000000,00000000,00000000,00000000,00000000,00000000,0000000a,00000007,00000003,00000000,00X01800, 000000a0, 00000000, 00000000, 00000000, 00000000, 00000000, 00000000, 00000000, 00000000, 0000000000000000, 00000000000000f7,00000000, 00000020, 00000000, 00000000, 00000000, 00000000, xxxxxxxx, 00000000, 00000000, 00000000, 0000000000000000,00000000, 00000010, 00000000, 00000000, 00000000, 00000000, 00000000, 00000000, 0000000000000000,
40000104,00000000,00000000,0000000a,00000004,00000000,00000000,00000000,00000000,00000000,00000000,00000000,00000000,00000000,00000000,00000000,00000000,00000000,00000000,00000000,f0c2c000,0000002e,4000009d,00000000,00000000,00000000,00000000,00000000,00000000,0000000a,00000007,00000003,00000000,00X01800, 000000a0, 00000000, 00000000, 00000000, 00000000, 00000000, 00000000, 00000000, 00000000, 0000000000000000, 00000000000000fa,00000000, 00000020, 00000000, 00000000, 00000000, 00000000, xxxxxxxx, 00000000, 00000000, 00000000, 0000000000000000,00000000, 00000010, 00000000, 00000000, 00000000, 00000000, 00000000, 00000000, 0000000000000000,
40000108,00000000,00000000,0000000a,00000004,00000000,00000000,00000000,00000000,00000000,00000000,00000000,00000000,00000000,00000000,00000000,00000000,00000000,00000000,00000000,f0c2c000,0000002e,4000009d,00000000,00000000,00000000,00000000,00000000,00000000,0000000a,00000007,00000003,00000000,00X01800, 000000a0, 00000000, 00000000, 00000000, 00000000, 00000000, 00000000, 00000000, 00000000, 0000000000000000, 00000000000000fd,00000000, 00000020, 00000000, 00000000, 00000000, 00000000, xxxxxxxx, 00000000, 00000000, 00000000, 0000000000000000,00000000, 00000010, 00000000, 00000000, 00000000, 00000000, 00000000, 00000000, 0000000000000000,
4000010c,00000000,00000000,0000000a,00000004,00000000,00000000,00000000,00000000,00000000,00000000,00000000,00000000,00000000,00000000,00000000,00000000,00000000,00000000,00000000,f0c2c000,0000002e,4000009d,00000000,00000000,00000000,00000000,00000000,00000000,0000000a,00000007,00000000,00000000,00X01800, 000000a0, 00000000, 00000000, 00000000, 00000000, 00000000, 00000000, 00000000, 00000000, 0000000000000000, 0000000000000100,00000000, 00000020, 00000000, 00000000, 00000000, 00000000, xxxxxxxx, 00000000, 00000000, 00000000, 0000000000000000,00000000, 00000010, 00000000, 00000000, 00000000, 00000000, 00000000, 00000000, 0000000000000000,
40000110,00000000,00000000,0000000a,00000004,00000000,00000000,00000000,00000000,00000000,00000000,00000000,00000000,00000000,00000000,00000000,00000000,00000000,00000000,00000000,f0c2c000,0000002e,4000009d,00000000,00000000,00000000,00000000,00000000,00000000,0000000a,ffff8000,00000000,00000000,00X01800, 000000a0, 00000000, 00000000, 00000000, 00000000, 00000000, 00000000, 00000000, 00000000, 0000000000000000, 0000000000000103,00000000, 00000020, 00000000, 00000000, 00000000, 00000000, xxxxxxxx, 00000000, 00000000, 00000000, 0000000000000000,00000000, 00000010, 00000000, 00000000, 00000000, 00000000, 00000000, 00000000, 0000000000000000,
40000114,00000000,00000000,0000000a,00000004,00000000,00000000,00000000,00000000,00000000,00000000,00000000,00000000,00000000,00000000,00000000,00000000,00000000,00000000,00000000,f0c2c000,0000002e,4000009d,00000000,00000000,00000000,00000000,00000000,00000000,ffff8000,ffff8000,00000000,00000000,00X01800, 000000a0, 00000000, 00000000, 00000000, 00000000, 00000000, 00000000, 00000000, 00000000, 0000000000000000, 000000000000010c,00000000, 00000020, 00000000, 00000000, 00000000, 00000000, xxxxxxxx, 00000000, 00000000, 00000000, 0000000000000000,00000000, 00000010, 00000000, 00000000, 00000000, 00000000, 00000000, 00000000, 0000000000000000,
40000118,00000000,00000000,ffff8000,00000004,00000000,00000000,00000000,00000000,00000000,00000000,00000000,00000000,00000000,00000000,00000000,00000000,00000000,00000000,00000000,f0c2c000,0000002e,4000009d,00000000,00000000,00000000,00000000,00000000,00000000,ffff8000,ffff8000,00000000,00000000,00X01800, 000000a0, 00000000, 00000000, 00000000, 00000000, 00000000, 00000000, 00000000, 00000000, 0000000000000000, 000000000000010f,00000000, 00000020, 00000000, 00000000, 00000000, 00000000, xxxxxxxx, 00000000, 00000000, 00000000, 0000000000000000,00000000, 00000010, 00000000, 00000000, 00000000, 00000000, 00000000, 00000000, 0000000000000000,
4000011c,00000000,00000000,ffff8000,00000005,00000000,00000000,00000000,00000000,00000000,00000000,00000000,00000000,00000000,00000000,00000000,00000000,00000000,00000000,00000000,f0c2c000,0000002e,4000009d,00000000,00000000,00000000,00000000,00000000,00000000,ffff8000,ffff8000,00000000,00000000,00X01800, 000000a0, 00000000, 00000000, 00000000, 00000000, 00000000, 00000000, 00000000, 00000000, 0000000000000000, 0000000000000112,00000000, 00000020, 00000000, 00000000, 00000000, 00000000, xxxxxxxx, 00000000, 00000000, 00000000, 0000000000000000,00000000, 00000010, 00000000, 00000000, 00000000, 00000000, 00000000, 00000000, 0000000000000000,
40000120,00000000,00000000,ffff8000,00000005,00000000,00000000,00000000,00000000,00000000,00000000,00000000,00000000,00000000,00000000,00000000,00000000,00000000,00000000,00000000,f0c2c000,0000002e,4000009d,00000000,00000000,00000000,00000000,00000000,00000000,ffff8000,ffff8000,00000000,00000000,00X01800, 000000a0, 00000000, 00000000, 00000000, 00000000, 00000000, 00000000, 00000000, 00000000, 0000000000000000, 0000000000000115,00000000, 00000020, 00000000, 00000000, 00000000, 00000000, xxxxxxxx, 00000000, 00000000, 00000000, 0000000000000000,00000000, 00000010, 00000000, 00000000, 00000000, 00000000, 00000000, 00000000, 0000000000000000,
40000124,00000000,00000000,ffff8000,00000005,00000000,00000000,00000000,00000000,00000000,00000000,00000000,00000000,00000000,00000000,00000000,00000000,00000000,00000000,00000000,f0c2c000,0000002e,4000009d,00000000,00000000,00000000,00000000,00000000,00000000,ffff8000,ffff8000,80000000,00000000,00X01800, 000000a0, 00000000, 00000000, 00000000, 00000000, 00000000, 00000000, 00000000, 00000000, 0000000000000000, 0000000000000118,00000000, 00000020, 00000000, 00000000, 00000000, 00000000, xxxxxxxx, 00000000, 00000000, 00000000, 0000000000000000,00000000, 00000010, 00000000, 00000000, 00000000, 00000000, 00000000, 00000000, 0000000000000000,
40000128,00000000,00000000,ffff8000,00000005,00000000,00000000,00000000,00000000,00000000,00000000,00000000,00000000,00000000,00000000,00000000,00000000,00000000,00000000,00000000,f0c2c000,0000002e,4000009d,00000000,00000000,00000000,00000000,00000000,00000000,ffff8000,00000000,80000000,00000000,00X01800, 000000a0, 00000000, 00000000, 00000000, 00000000, 00000000, 00000000, 00000000, 00000000, 0000000000000000, 000000000000011b,00000000, 00000020, 00000000, 00000000, 00000000, 00000000, xxxxxxxx, 00000000, 00000000, 00000000, 0000000000000000,00000000, 00000010, 00000000, 00000000, 00000000, 00000000, 00000000, 00000000, 0000000000000000,
4000012c,00000000,00000000,ffff8000,00000005,00000000,00000000,00000000,00000000,00000000,00000000,00000000,00000000,00000000,00000000,00000000,00000000,00000000,00000000,00000000,f0c2c000,0000002e,4000009d,00000000,00000000,00000000,00000000,00000000,00000000,80000000,00000000,80000000,00000000,00X01800, 000000a0, 00000000, 00000000, 00000000, 00000000, 00000000, 00000000, 00000000, 00000000, 0000000000000000, 0000000000000124,00000000, 00000020, 00000000, 00000000, 00000000, 00000000, xxxxxxxx, 00000000, 00000000, 00000000, 0000000000000000,00000000, 00000010, 00000000, 00000000, 00000000, 00000000, 00000000, 00000000, 0000000000000000,
40000130,00000000,00000000,80000000,00000005,00000000,00000000,00000000,00000000,00000000,00000000,00000000,00000000,00000000,00000000,00000000,00000000,00000000,00000000,00000000,f0c2c000,0000002e,4000009d,00000000,00000000,00000000,00000000,00000000,00000000,80000000,00000000,80000000,00000000,00X01800, 000000a0, 00000000, 00000000, 00000000, 00000000, 00000000, 00000000, 00000000, 00000000, 0000000000000000, 0000000000000127,00000000, 00000020, 00000000, 00000000, 00000000, 00000000, xxxxxxxx, 00000000, 00000000, 00000000, 0000000000000000,00000000, 00000010, 00000000, 00000000, 00000000, 00000000, 00000000, 00000000, 0000000000000000,
40000134,00000000,00000000,80000000,00000006,00000000,00000000,00000000,00000000,00000000,00000000,00000000,00000000,00000000,00000000,00000000,00000000,00000000,00000000,00000000,f0c2c000,0000002e,4000009d,00000000,00000000,00000000,00000000,00000000,00000000,80000000,00000000,80000000,00000000,00X01800, 000000a0, 00000000, 00000000, 00000000, 00000000, 00000000, 00000000, 00000000, 00000000, 0000000000000000, 000000000000012a,00000000, 00000020, 00000000, 00000000, 00000000, 00000000, xxxxxxxx, 00000000, 00000000, 00000000, 0000000000000000,00000000, 00000010, 00000000, 00000000, 00000000, 00000000, 00000000, 00000000, 0000000000000000,
40000138,00000000,00000000,80000000,00000006,00000000,00000000,00000000,00000000,00000000,00000000,00000000,00000000,00000000,00000000,00000000,00000000,00000000,00000000,00000000,f0c2c000,0000002e,4000009d,00000000,00000000,00000000,00000000,00000000,00000000,80000000,00000000,80000000,00000000,00X01800, 000000a0, 00000000, 00000000, 00000000, 00000000, 00000000, 00000000, 00000000, 00000000, 0000000000000000, 000000000000012d,00000000, 00000020, 00000000, 00000000, 00000000, 00000000, xxxxxxxx, 00000000, 00000000, 00000000, 0000000000000000,00000000, 00000010, 00000000, 00000000, 00000000, 00000000, 00000000, 00000000, 0000000000000000,
4000013c,00000000,00000000,80000000,00000006,00000000,00000000,00000000,00000000,00000000,00000000,00000000,00000000,00000000,00000000,00000000,00000000,00000000,00000000,00000000,f0c2c000,0000002e,4000009d,00000000,00000000,00000000,00000000,00000000,00000000,80000000,00000000,80000000,00000000,00X01800, 000000a0, 00000000, 00000000, 00000000, 00000000, 00000000, 00000000, 00000000, 00000000, 0000000000000000, 0000000000000130,00000000, 00000020, 00000000, 00000000, 00000000, 00000000, xxxxxxxx, 00000000, 00000000, 00000000, 0000000000000000,00000000, 00000010, 00000000, 00000000, 00000000, 00000000, 00000000, 00000000, 0000000000000000,
40000140,00000000,00000000,80000000,00000006,00000000,00000000,00000000,00000000,00000000,00000000,00000000,00000000,00000000,00000000,00000000,00000000,00000000,00000000,00000000,f0c2c000,0000002e,4000009d,00000000,00000000,00000000,00000000,00000000,00000000,80000000,ffff8000,80000000,00000000,00X01800, 000000a0, 00000000, 00000000, 00000000, 00000000, 00000000, 00000000, 00000000, 00000000, 0000000000000000, 0000000000000133,00000000, 00000020, 00000000, 00000000, 00000000, 00000000, xxxxxxxx, 00000000, 00000000, 00000000, 0000000000000000,00000000, 00000010, 00000000, 00000000, 00000000, 00000000, 00000000, 00000000, 0000000000000000,
40000144,00000000,00000000,80000000,00000006,00000000,00000000,00000000,00000000,00000000,00000000,00000000,00000000,00000000,00000000,00000000,00000000,00000000,00000000,00000000,f0c2c000,0000002e,4000009d,00000000,00000000,00000000,00000000,00000000,00000000,7fff8000,ffff8000,80000000,00000000,00X01800, 000000a0, 00000000, 00000000, 00000000, 00000000, 00000000, 00000000, 00000000, 00000000, 0000000000000000, 000000000000013c,00000000, 00000020, 00000000, 00000000, 00000000, 00000000, xxxxxxxx, 00000000, 00000000, 00000000, 0000000000000000,00000000, 00000010, 00000000, 00000000, 00000000, 00000000, 00000000, 00000000, 0000000000000000,
40000148,00000000,00000000,7fff8000,00000006,00000000,00000000,00000000,00000000,00000000,00000000,00000000,00000000,00000000,00000000,00000000,00000000,00000000,00000000,00000000,f0c2c000,0000002e,4000009d,00000000,00000000,00000000,00000000,00000000,00000000,7fff8000,ffff8000,80000000,00000000,00X01800, 000000a0, 00000000, 00000000, 00000000, 00000000, 00000000, 00000000, 00000000, 00000000, 0000000000000000, 000000000000013f,00000000, 00000020, 00000000, 00000000, 00000000, 00000000, xxxxxxxx, 00000000, 00000000, 00000000, 0000000000000000,00000000, 00000010, 00000000, 00000000, 00000000, 00000000, 00000000, 00000000, 0000000000000000,
4000014c,00000000,00000000,7fff8000,00000007,00000000,00000000,00000000,00000000,00000000,00000000,00000000,00000000,00000000,00000000,00000000,00000000,00000000,00000000,00000000,f0c2c000,0000002e,4000009d,00000000,00000000,00000000,00000000,00000000,00000000,7fff8000,ffff8000,80000000,00000000,00X01800, 000000a0, 00000000, 00000000, 00000000, 00000000, 00000000, 00000000, 00000000, 00000000, 0000000000000000, 0000000000000142,00000000, 00000020, 00000000, 00000000, 00000000, 00000000, xxxxxxxx, 00000000, 00000000, 00000000, 0000000000000000,00000000, 00000010, 00000000, 00000000, 00000000, 00000000, 00000000, 00000000, 0000000000000000,
40000150,00000000,00000000,7fff8000,00000007,00000000,00000000,00000000,00000000,00000000,00000000,00000000,00000000,00000000,00000000,00000000,00000000,00000000,00000000,00000000,f0c2c000,0000002e,4000009d,00000000,00000000,00000000,00000000,00000000,00000000,7fff8000,ffff8000,80000000,00000000,00X01800, 000000a0, 00000000, 00000000, 00000000, 00000000, 00000000, 00000000, 00000000, 00000000, 0000000000000000, 0000000000000145,00000000, 00000020, 00000000, 00000000, 00000000, 00000000, xxxxxxxx, 00000000, 00000000, 00000000, 0000000000000000,00000000, 00000010, 00000000, 00000000, 00000000, 00000000, 00000000, 00000000, 0000000000000000,
40000154,00000000,00000000,7fff8000,00000007,00000000,00000000,00000000,00000000,00000000,00000000,00000000,00000000,00000000,00000000,00000000,00000000,00000000,00000000,00000000,f0c2c000,0000002e,4000009d,00000000,00000000,00000000,00000000,00000000,00000000,7fff8000,ffff8000,00000000,00000000,00X01800, 000000a0, 00000000, 00000000, 00000000, 00000000, 00000000, 00000000, 00000000, 00000000, 0000000000000000, 0000000000000148,00000000, 00000020, 00000000, 00000000, 00000000, 00000000, xxxxxxxx, 00000000, 00000000, 00000000, 0000000000000000,00000000, 00000010, 00000000, 00000000, 00000000, 00000000, 00000000, 00000000, 0000000000000000,
40000158,00000000,00000000,7fff8000,00000007,00000000,00000000,00000000,00000000,00000000,00000000,00000000,00000000,00000000,00000000,00000000,00000000,00000000,00000000,00000000,f0c2c000,0000002e,4000009d,00000000,00000000,00000000,00000000,00000000,00000000,7fff8000,00008000,00000000,00000000,00X01800, 000000a0, 00000000, 00000000, 00000000, 00000000, 00000000, 00000000, 00000000, 00000000, 0000000000000000, 000000000000014b,00000000, 00000020, 00000000, 00000000, 00000000, 00000000, xxxxxxxx, 00000000, 00000000, 00000000, 0000000000000000,00000000, 00000010, 00000000, 00000000, 00000000, 00000000, 00000000, 00000000, 0000000000000000,
4000015c,00000000,00000000,7fff8000,00000007,00000000,00000000,00000000,00000000,00000000,00000000,00000000,00000000,00000000,00000000,00000000,00000000,00000000,00000000,00000000,f0c2c000,0000002e,4000009d,00000000,00000000,00000000,00000000,00000000,00000000,7fff8000,00007fff,00000000,00000000,00X01800, 000000a0, 00000000, 00000000, 00000000, 00000000, 00000000, 00000000, 00000000, 00000000, 0000000000000000, 0000000000000154,00000000, 00000020, 00000000, 00000000, 00000000, 00000000, xxxxxxxx, 00000000, 00000000, 00000000, 0000000000000000,00000000, 00000010, 00000000, 00000000, 00000000, 00000000, 00000000, 00000000, 0000000000000000,
40000160,00000000,00000000,7fff8000,00000007,00000000,00000000,00000000,00000000,00000000,00000000,00000000,00000000,00000000,00000000,00000000,00000000,00000000,00000000,00000000,f0c2c000,0000002e,4000009d,00000000,00000000,00000000,00000000,00000000,00000000,00007fff,00007fff,00000000,00000000,00X01800, 000000a0, 00000000, 00000000, 00000000, 00000000, 00000000, 00000000, 00000000, 00000000, 0000000000000000, 000000000000015d,00000000, 00000020, 00000000, 00000000, 00000000, 00000000, xxxxxxxx, 00000000, 00000000, 00000000, 0000000000000000,00000000, 00000010, 00000000, 00000000, 00000000, 00000000, 00000000, 00000000, 0000000000000000,
40000164,00000000,00000000,00008000,00000007,00000000,00000000,00000000,00000000,00000000,00000000,00000000,00000000,00000000,00000000,00000000,00000000,00000000,00000000,00000000,f0c2c000,0000002e,4000009d,00000000,00000000,00000000,00000000,00000000,00000000,00007fff,00007fff,00000000,00000000,00X01800, 000000a0, 00000000, 00000000, 00000000, 00000000, 00000000, 00000000, 00000000, 00000000, 0000000000000000, 0000000000000160,00000000, 00000020, 00000000, 00000000, 00000000, 00000000, xxxxxxxx, 00000000, 00000000, 00000000, 0000000000000000,00000000, 00000010, 00000000, 00000000, 00000000, 00000000, 00000000, 00000000, 0000000000000000,
40000168,00000000,00000000,00007fff,00000007,00000000,00000000,00000000,00000000,00000000,00000000,00000000,00000000,00000000,00000000,00000000,00000000,00000000,00000000,00000000,f0c2c000,0000002e,4000009d,00000000,00000000,00000000,00000000,00000000,00000000,00007fff,00007fff,00000000,00000000,00X01800, 000000a0, 00000000, 00000000, 00000000, 00000000, 00000000, 00000000, 00000000, 00000000, 0000000000000000, 0000000000000169,00000000, 00000020, 00000000, 00000000, 00000000, 00000000, xxxxxxxx, 00000000, 00000000, 00000000, 0000000000000000,00000000, 00000010, 00000000, 00000000, 00000000, 00000000, 00000000, 00000000, 0000000000000000,
4000016c,00000000,00000000,00007fff,00000008,00000000,00000000,00000000,00000000,00000000,00000000,00000000,00000000,00000000,00000000,00000000,00000000,00000000,00000000,00000000,f0c2c000,0000002e,4000009d,00000000,00000000,00000000,00000000,00000000,00000000,00007fff,00007fff,00000000,00000000,00X01800, 000000a0, 00000000, 00000000, 00000000, 00000000, 00000000, 00000000, 00000000, 00000000, 0000000000000000, 000000000000016c,00000000, 00000020, 00000000, 00000000, 00000000, 00000000, xxxxxxxx, 00000000, 00000000, 00000000, 0000000000000000,00000000, 00000010, 00000000, 00000000, 00000000, 00000000, 00000000, 00000000, 0000000000000000,
40000170,00000000,00000000,00007fff,00000008,00000000,00000000,00000000,00000000,00000000,00000000,00000000,00000000,00000000,00000000,00000000,00000000,00000000,00000000,00000000,f0c2c000,0000002e,4000009d,00000000,00000000,00000000,00000000,00000000,00000000,00007fff,00007fff,00000000,00000000,00X01800, 000000a0, 00000000, 00000000, 00000000, 00000000, 00000000, 00000000, 00000000, 00000000, 0000000000000000, 000000000000016f,00000000, 00000020, 00000000, 00000000, 00000000, 00000000, xxxxxxxx, 00000000, 00000000, 00000000, 0000000000000000,00000000, 00000010, 00000000, 00000000, 00000000, 00000000, 00000000, 00000000, 0000000000000000,
40000174,00000000,00000000,00007fff,00000008,00000000,00000000,00000000,00000000,00000000,00000000,00000000,00000000,00000000,00000000,00000000,00000000,00000000,00000000,00000000,f0c2c000,0000002e,4000009d,00000000,00000000,00000000,00000000,00000000,00000000,00007fff,00007fff,80000000,00000000,00X01800, 000000a0, 00000000, 00000000, 00000000, 00000000, 00000000, 00000000, 00000000, 00000000, 0000000000000000, 0000000000000172,00000000, 00000020, 00000000, 00000000, 00000000, 00000000, xxxxxxxx, 00000000, 00000000, 00000000, 0000000000000000,00000000, 00000010, 00000000, 00000000, 00000000, 00000000, 00000000, 00000000, 0000000000000000,
40000178,00000000,00000000,00007fff,00000008,00000000,00000000,00000000,00000000,00000000,00000000,00000000,00000000,00000000,00000000,00000000,00000000,00000000,00000000,00000000,f0c2c000,0000002e,4000009d,00000000,00000000,00000000,00000000,00000000,00000000,00007fff,00007fff,7fffffff,00000000,00X01800, 000000a0, 00000000, 00000000, 00000000, 00000000, 00000000, 00000000, 00000000, 00000000, 0000000000000000, 000000000000017b,00000000, 00000020, 00000000, 00000000, 00000000, 00000000, xxxxxxxx, 00000000, 00000000, 00000000, 0000000000000000,00000000, 00000010, 00000000, 00000000, 00000000, 00000000, 00000000, 00000000, 0000000000000000,
4000017c,00000000,00000000,00007fff,00000008,00000000,00000000,00000000,00000000,00000000,00000000,00000000,00000000,00000000,00000000,00000000,00000000,00000000,00000000,00000000,f0c2c000,0000002e,4000009d,00000000,00000000,00000000,00000000,00000000,00000000,00007fff,00000000,7fffffff,00000000,00X01800, 000000a0, 00000000, 00000000, 00000000, 00000000, 00000000, 00000000, 00000000, 00000000, 0000000000000000, 000000000000017e,00000000, 00000020, 00000000, 00000000, 00000000, 00000000, xxxxxxxx, 00000000, 00000000, 00000000, 0000000000000000,00000000, 00000010, 00000000, 00000000, 00000000, 00000000, 00000000, 00000000, 0000000000000000,
40000180,00000000,00000000,00007fff,00000008,00000000,00000000,00000000,00000000,00000000,00000000,00000000,00000000,00000000,00000000,00000000,00000000,00000000,00000000,00000000,f0c2c000,0000002e,4000009d,00000000,00000000,00000000,00000000,00000000,00000000,7fffffff,00000000,7fffffff,00000000,00X01800, 000000a0, 00000000, 00000000, 00000000, 00000000, 00000000, 00000000, 00000000, 00000000, 0000000000000000, 0000000000000187,00000000, 00000020, 00000000, 00000000, 00000000, 00000000, xxxxxxxx, 00000000, 00000000, 00000000, 0000000000000000,00000000, 00000010, 00000000, 00000000, 00000000, 00000000, 00000000, 00000000, 0000000000000000,
40000184,00000000,00000000,80000000,00000008,00000000,00000000,00000000,00000000,00000000,00000000,00000000,00000000,00000000,00000000,00000000,00000000,00000000,00000000,00000000,f0c2c000,0000002e,4000009d,00000000,00000000,00000000,00000000,00000000,00000000,7fffffff,00000000,7fffffff,00000000,00X01800, 000000a0, 00000000, 00000000, 00000000, 00000000, 00000000, 00000000, 00000000, 00000000, 0000000000000000, 000000000000018a,00000000, 00000020, 00000000, 00000000, 00000000, 00000000, xxxxxxxx, 00000000, 00000000, 00000000, 0000000000000000,00000000, 00000010, 00000000, 00000000, 00000000, 00000000, 00000000, 00000000, 0000000000000000,
40000188,00000000,00000000,7fffffff,00000008,00000000,00000000,00000000,00000000,00000000,00000000,00000000,00000000,00000000,00000000,00000000,00000000,00000000,00000000,00000000,f0c2c000,0000002e,4000009d,00000000,00000000,00000000,00000000,00000000,00000000,7fffffff,00000000,7fffffff,00000000,00X01800, 000000a0, 00000000, 00000000, 00000000, 00000000, 00000000, 00000000, 00000000, 00000000, 0000000000000000, 0000000000000193,00000000, 00000020, 00000000, 00000000, 00000000, 00000000, xxxxxxxx, 00000000, 00000000, 00000000, 0000000000000000,00000000, 00000010, 00000000, 00000000, 00000000, 00000000, 00000000, 00000000, 0000000000000000,
4000018c,00000000,00000000,7fffffff,00000009,00000000,00000000,00000000,00000000,00000000,00000000,00000000,00000000,00000000,00000000,00000000,00000000,00000000,00000000,00000000,f0c2c000,0000002e,4000009d,00000000,00000000,00000000,00000000,00000000,00000000,7fffffff,00000000,7fffffff,00000000,00X01800, 000000a0, 00000000, 00000000, 00000000, 00000000, 00000000, 00000000, 00000000, 00000000, 0000000000000000, 0000000000000196,00000000, 00000020, 00000000, 00000000, 00000000, 00000000, xxxxxxxx, 00000000, 00000000, 00000000, 0000000000000000,00000000, 00000010, 00000000, 00000000, 00000000, 00000000, 00000000, 00000000, 0000000000000000,
40000190,00000000,00000000,7fffffff,00000009,00000000,00000000,00000000,00000000,00000000,00000000,00000000,00000000,00000000,00000000,00000000,00000000,00000000,00000000,00000000,f0c2c000,0000002e,4000009d,00000000,00000000,00000000,00000000,00000000,00000000,7fffffff,00000000,7fffffff,00000000,00X01800, 000000a0, 00000000, 00000000, 00000000, 00000000, 00000000, 00000000, 00000000, 00000000, 0000000000000000, 0000000000000199,00000000, 00000020, 00000000, 00000000, 00000000, 00000000, xxxxxxxx, 00000000, 00000000, 00000000, 0000000000000000,00000000, 00000010, 00000000, 00000000, 00000000, 00000000, 00000000, 00000000, 0000000000000000,
40000194,00000000,00000000,7fffffff,00000009,00000000,00000000,00000000,00000000,00000000,00000000,00000000,00000000,00000000,00000000,00000000,00000000,00000000,00000000,00000000,f0c2c000,0000002e,4000009d,00000000,00000000,00000000,00000000,00000000,00000000,7fffffff,00000000,80000000,00000000,00X01800, 000000a0, 00000000, 00000000, 00000000, 00000000, 00000000, 00000000, 00000000, 00000000, 0000000000000000, 000000000000019c,00000000, 00000020, 00000000, 00000000, 00000000, 00000000, xxxxxxxx, 00000000, 00000000, 00000000, 0000000000000000,00000000, 00000010, 00000000, 00000000, 00000000, 00000000, 00000000, 00000000, 0000000000000000,
40000198,00000000,00000000,7fffffff,00000009,00000000,00000000,00000000,00000000,00000000,00000000,00000000,00000000,00000000,00000000,00000000,00000000,00000000,00000000,00000000,f0c2c000,0000002e,4000009d,00000000,00000000,00000000,00000000,00000000,00000000,7fffffff,00000000,7fffffff,00000000,00X01800, 000000a0, 00000000, 00000000, 00000000, 00000000, 00000000, 00000000, 00000000, 00000000, 0000000000000000, 00000000000001a5,00000000, 00000020, 00000000, 00000000, 00000000, 00000000, xxxxxxxx, 00000000, 00000000, 00000000, 0000000000000000,00000000, 00000010, 00000000, 00000000, 00000000, 00000000, 00000000, 00000000, 0000000000000000,
4000019c,00000000,00000000,7fffffff,00000009,00000000,00000000,00000000,00000000,00000000,00000000,00000000,00000000,00000000,00000000,00000000,00000000,00000000,00000000,00000000,f0c2c000,0000002e,4000009d,00000000,00000000,00000000,00000000,00000000,00000000,7fffffff,00008000,7fffffff,00000000,00X01800, 000000a0, 00000000, 00000000, 00000000, 00000000, 00000000, 00000000, 00000000, 00000000, 0000000000000000, 00000000000001a8,00000000, 00000020, 00000000, 00000000, 00000000, 00000000, xxxxxxxx, 00000000, 00000000, 00000000, 0000000000000000,00000000, 00000010, 00000000, 00000000, 00000000, 00000000, 00000000, 00000000, 0000000000000000,
400001a0,00000000,00000000,7fffffff,00000009,00000000,00000000,00000000,00000000,00000000,00000000,00000000,00000000,00000000,00000000,00000000,00000000,00000000,00000000,00000000,f0c2c000,0000002e,4000009d,00000000,00000000,00000000,00000000,00000000,00000000,7fffffff,00007fff,7fffffff,00000000,00X01800, 000000a0, 00000000, 00000000, 00000000, 00000000, 00000000, 00000000, 00000000, 00000000, 0000000000000000, 00000000000001b1,00000000, 00000020, 00000000, 00000000, 00000000, 00000000, xxxxxxxx, 00000000, 00000000, 00000000, 0000000000000000,00000000, 00000010, 00000000, 00000000, 00000000, 00000000, 00000000, 00000000, 0000000000000000,
